PLOT_ID,DATE,STATE,CROP1,CROP2,CROP3
APPILA_S3_P1234_R1,1/01/2023,FALLOW,,,
APPILA_S1_P2312_R1,1/01/2023,FALLOW,,,
APPILA_S3_P4123_R1,1/01/2023,FALLOW,,,
APPILA_S4_P2312_R1,1/01/2023,FALLOW,,,
APPILA_S6_P0000_R1,1/01/2023,FALLOW,,,
APPILA_S1_P1231_R1,1/01/2023,FALLOW,,,
APPILA_S2_P2121_R1,1/01/2023,FALLOW,,,
APPILA_S3_P3412_R1,1/01/2023,FALLOW,,,
APPILA_S5_P0000_R1,1/01/2023,FALLOW,,,
APPILA_S1_P3123_R1,1/01/2023,FALLOW,,,
APPILA_S3_P2341_R1,1/01/2023,FALLOW,,,
APPILA_S4_P1231_R1,1/01/2023,FALLOW,,,
APPILA_S2_P1212_R1,1/01/2023,FALLOW,,,
APPILA_S4_P3123_R1,1/01/2023,FALLOW,,,
APPILA_S4_P3123_R2,1/01/2023,FALLOW,,,
APPILA_S2_P1212_R2,1/01/2023,FALLOW,,,
APPILA_S1_P3123_R2,1/01/2023,FALLOW,,,
APPILA_S4_P1231_R2,1/01/2023,FALLOW,,,
APPILA_S1_P1231_R2,1/01/2023,FALLOW,,,
APPILA_S3_P1234_R2,1/01/2023,FALLOW,,,
APPILA_S3_P3412_R2,1/01/2023,FALLOW,,,
APPILA_S5_P0000_R2,1/01/2023,FALLOW,,,
APPILA_S1_P2312_R2,1/01/2023,FALLOW,,,
APPILA_S3_P2341_R2,1/01/2023,FALLOW,,,
APPILA_S6_P0000_R2,1/01/2023,FALLOW,,,
APPILA_S3_P4123_R2,1/01/2023,FALLOW,,,
APPILA_S4_P2312_R2,1/01/2023,FALLOW,,,
APPILA_S2_P2121_R2,1/01/2023,FALLOW,,,
APPILA_S2_P2121_R3,1/01/2023,FALLOW,,,
APPILA_S2_P1212_R3,1/01/2023,FALLOW,,,
APPILA_S1_P2312_R3,1/01/2023,FALLOW,,,
APPILA_S3_P1234_R3,1/01/2023,FALLOW,,,
APPILA_S4_P3123_R3,1/01/2023,FALLOW,,,
APPILA_S4_P1231_R3,1/01/2023,FALLOW,,,
APPILA_S3_P3412_R3,1/01/2023,FALLOW,,,
APPILA_S4_P2312_R3,1/01/2023,FALLOW,,,
APPILA_S1_P3123_R3,1/01/2023,FALLOW,,,
APPILA_S3_P2341_R3,1/01/2023,FALLOW,,,
APPILA_S3_P4123_R3,1/01/2023,FALLOW,,,
APPILA_S5_P0000_R3,1/01/2023,FALLOW,,,
APPILA_S1_P1231_R3,1/01/2023,FALLOW,,,
APPILA_S6_P0000_R3,1/01/2023,FALLOW,,,
HART_S2.1_P0000_R1,1/01/2023,FALLOW,,,
HART_S7_P3412_R1,1/01/2023,FALLOW,,,
HART_S10.2_P2312_R1,1/01/2023,FALLOW,,,
HART_S7_P4123_R1,1/01/2023,FALLOW,,,
HART_S4.2_P3412_R1,1/01/2023,FALLOW,,,
HART_S6_P3412_R1,1/01/2023,FALLOW,,,
HART_S2.3_P0000_R1,1/01/2023,FALLOW,,,
HART_S10.1_P3123_R1,1/01/2023,FALLOW,,,
HART_S10.2_P3123_R1,1/01/2023,FALLOW,,,
HART_S4.3_P3412_R1,1/01/2023,FALLOW,,,
HART_S10.3_P3123_R1,1/01/2023,FALLOW,,,
HART_S1.2_P2312_R1,1/01/2023,FALLOW,,,
HART_S4.2_P1234_R1,1/01/2023,FALLOW,,,
HART_S9_P3412_R1,1/01/2023,FALLOW,,,
HART_S10.1_P1231_R2,1/01/2023,FALLOW,,,
HART_S2.3_P0000_R2,1/01/2023,FALLOW,,,
HART_S4.3_P1234_R2,1/01/2023,FALLOW,,,
HART_S1.2_P1231_R2,1/01/2023,FALLOW,,,
HART_S4.2_P3412_R2,1/01/2023,FALLOW,,,
HART_S3_P3412_R2,1/01/2023,FALLOW,,,
HART_S9_P4123_R2,1/01/2023,FALLOW,,,
HART_S9_P2341_R2,1/01/2023,FALLOW,,,
HART_S7_P2341_R2,1/01/2023,FALLOW,,,
HART_S6_P3412_R2,1/01/2023,FALLOW,,,
HART_S6_P4123_R2,1/01/2023,FALLOW,,,
HART_S4.1_P2341_R2,1/01/2023,FALLOW,,,
HART_S7_P1234_R2,1/01/2023,FALLOW,,,
HART_S7_P3412_R2,1/01/2023,FALLOW,,,
HART_S1.1_P2312_R3,1/01/2023,FALLOW,,,
HART_S4.3_P3412_R3,1/01/2023,FALLOW,,,
HART_S4.1_P1234_R3,1/01/2023,FALLOW,,,
HART_S1.2_P1231_R3,1/01/2023,FALLOW,,,
HART_S10.2_P1231_R3,1/01/2023,FALLOW,,,
HART_S3_P1234_R3,1/01/2023,FALLOW,,,
HART_S7_P4123_R3,1/01/2023,FALLOW,,,
HART_S7_P1234_R3,1/01/2023,FALLOW,,,
HART_S5_P0000_R1,1/01/2023,FALLOW,,,
HART_S8_P2341_R3,1/01/2023,FALLOW,,,
HART_S1.2_P3123_R3,1/01/2023,FALLOW,,,
HART_S4.2_P2341_R3,1/01/2023,FALLOW,,,
HART_S7_P2341_R3,1/01/2023,FALLOW,,,
HART_S8_P4123_R3,1/01/2023,FALLOW,,,
HART_S1.3_P1231_R1,1/01/2023,FALLOW,,,
HART_S4.1_P3412_R1,1/01/2023,FALLOW,,,
HART_S1.3_P2312_R1,1/01/2023,FALLOW,,,
HART_S1.2_P3123_R1,1/01/2023,FALLOW,,,
HART_S1.1_P1231_R1,1/01/2023,FALLOW,,,
HART_S8_P4123_R1,1/01/2023,FALLOW,,,
HART_S7_P1234_R1,1/01/2023,FALLOW,,,
HART_S5_P0000_R2,1/01/2023,FALLOW,,,
HART_S4.1_P1234_R1,1/01/2023,FALLOW,,,
HART_S4.1_P2341_R1,1/01/2023,FALLOW,,,
HART_S5_P0000_R3,1/01/2023,FALLOW,,,
HART_S6_P2341_R1,1/01/2023,FALLOW,,,
HART_S1.1_P3123_R1,1/01/2023,FALLOW,,,
HART_S9_P4123_R1,1/01/2023,FALLOW,,,
HART_S10.1_P2312_R2,1/01/2023,FALLOW,,,
HART_S10.3_P1231_R2,1/01/2023,FALLOW,,,
HART_S1.2_P2312_R2,1/01/2023,FALLOW,,,
HART_S1.1_P2312_R2,1/01/2023,FALLOW,,,
HART_S10.2_P1231_R2,1/01/2023,FALLOW,,,
HART_S10.2_P2312_R2,1/01/2023,FALLOW,,,
HART_S8_P3412_R2,1/01/2023,FALLOW,,,
HART_S5_P0000_R4,1/01/2023,FALLOW,,,
HART_S10.2_P3123_R2,1/01/2023,FALLOW,,,
HART_S1.2_P3123_R2,1/01/2023,FALLOW,,,
HART_S3_P2341_R2,1/01/2023,FALLOW,,,
HART_S10.3_P3123_R2,1/01/2023,FALLOW,,,
HART_S4.1_P4123_R2,1/01/2023,FALLOW,,,
HART_S10.3_P2312_R2,1/01/2023,FALLOW,,,
HART_S8_P1234_R3,1/01/2023,FALLOW,,,
HART_S4.1_P3412_R3,1/01/2023,FALLOW,,,
HART_S2.1_P0000_R3,1/01/2023,FALLOW,,,
HART_S5_P0000_R5,1/01/2023,FALLOW,,,
HART_S10.1_P3123_R3,1/01/2023,FALLOW,,,
HART_S3_P2341_R3,1/01/2023,FALLOW,,,
HART_S1.2_P2312_R3,1/01/2023,FALLOW,,,
HART_S9_P2341_R3,1/01/2023,FALLOW,,,
HART_S6_P2341_R3,1/01/2023,FALLOW,,,
HART_S8_P3412_R3,1/01/2023,FALLOW,,,
HART_S6_P1234_R3,1/01/2023,FALLOW,,,
HART_S10.2_P3123_R3,1/01/2023,FALLOW,,,
HART_S1.3_P3123_R3,1/01/2023,FALLOW,,,
HART_S5_P0000_R6,1/01/2023,FALLOW,,,
HART_S6_P4123_R1,1/01/2023,FALLOW,,,
HART_S4.3_P4123_R1,1/01/2023,FALLOW,,,
HART_S1.1_P2312_R1,1/01/2023,FALLOW,,,
HART_S5_P0000_R7,1/01/2023,FALLOW,,,
HART_S9_P2341_R1,1/01/2023,FALLOW,,,
HART_S10.2_P1231_R1,1/01/2023,FALLOW,,,
HART_S3_P2341_R1,1/01/2023,FALLOW,,,
HART_S10.3_P1231_R1,1/01/2023,FALLOW,,,
HART_S10.3_P2312_R1,1/01/2023,FALLOW,,,
HART_S6_P1234_R1,1/01/2023,FALLOW,,,
HART_S10.1_P1231_R1,1/01/2023,FALLOW,,,
HART_S4.3_P2341_R1,1/01/2023,FALLOW,,,
HART_S10.1_P2312_R1,1/01/2023,FALLOW,,,
HART_S1.3_P3123_R1,1/01/2023,FALLOW,,,
HART_S1.1_P3123_R2,1/01/2023,FALLOW,,,
HART_S2.1_P0000_R2,1/01/2023,FALLOW,,,
HART_S4.3_P3412_R2,1/01/2023,FALLOW,,,
HART_S10.1_P3123_R2,1/01/2023,FALLOW,,,
HART_S8_P1234_R2,1/01/2023,FALLOW,,,
HART_S1.3_P2312_R2,1/01/2023,FALLOW,,,
HART_S4.2_P4123_R2,1/01/2023,FALLOW,,,
HART_S6_P1234_R2,1/01/2023,FALLOW,,,
HART_S4.1_P1234_R2,1/01/2023,FALLOW,,,
HART_S2.2_P0000_R2,1/01/2023,FALLOW,,,
HART_S4.2_P2341_R2,1/01/2023,FALLOW,,,
HART_S9_P3412_R2,1/01/2023,FALLOW,,,
HART_S4.1_P3412_R2,1/01/2023,FALLOW,,,
HART_S4.3_P2341_R2,1/01/2023,FALLOW,,,
HART_S10.3_P3123_R3,1/01/2023,FALLOW,,,
HART_S10.1_P2312_R3,1/01/2023,FALLOW,,,
HART_S4.1_P4123_R3,1/01/2023,FALLOW,,,
HART_S1.1_P1231_R3,1/01/2023,FALLOW,,,
HART_S4.1_P2341_R3,1/01/2023,FALLOW,,,
HART_S2.3_P0000_R3,1/01/2023,FALLOW,,,
HART_S4.2_P4123_R3,1/01/2023,FALLOW,,,
HART_S10.1_P1231_R3,1/01/2023,FALLOW,,,
HART_S9_P3412_R3,1/01/2023,FALLOW,,,
HART_S4.3_P2341_R3,1/01/2023,FALLOW,,,
HART_S4.3_P4123_R3,1/01/2023,FALLOW,,,
HART_S10.3_P1231_R3,1/01/2023,FALLOW,,,
HART_S6_P4123_R3,1/01/2023,FALLOW,,,
HART_S4.2_P1234_R3,1/01/2023,FALLOW,,,
HART_S8_P2341_R1,1/01/2023,FALLOW,,,
HART_S3_P3412_R1,1/01/2023,FALLOW,,,
HART_S2.2_P0000_R1,1/01/2023,FALLOW,,,
HART_S7_P2341_R1,1/01/2023,FALLOW,,,
HART_S3_P1234_R1,1/01/2023,FALLOW,,,
HART_S4.1_P4123_R1,1/01/2023,FALLOW,,,
HART_S8_P3412_R1,1/01/2023,FALLOW,,,
HART_S3_P4123_R1,1/01/2023,FALLOW,,,
HART_S4.2_P2341_R1,1/01/2023,FALLOW,,,
HART_S1.2_P1231_R1,1/01/2023,FALLOW,,,
HART_S8_P1234_R1,1/01/2023,FALLOW,,,
HART_S4.3_P1234_R1,1/01/2023,FALLOW,,,
HART_S9_P1234_R1,1/01/2023,FALLOW,,,
HART_S4.2_P4123_R1,1/01/2023,FALLOW,,,
HART_S6_P2341_R2,1/01/2023,FALLOW,,,
HART_S8_P2341_R2,1/01/2023,FALLOW,,,
HART_S4.2_P1234_R2,1/01/2023,FALLOW,,,
HART_S4.3_P4123_R2,1/01/2023,FALLOW,,,
HART_S5_P0000_R8,1/01/2023,FALLOW,,,
HART_S1.3_P1231_R2,1/01/2023,FALLOW,,,
HART_S8_P4123_R2,1/01/2023,FALLOW,,,
HART_S7_P4123_R2,1/01/2023,FALLOW,,,
HART_S3_P4123_R2,1/01/2023,FALLOW,,,
HART_S5_P0000_R9,1/01/2023,FALLOW,,,
HART_S9_P1234_R2,1/01/2023,FALLOW,,,
HART_S3_P1234_R2,1/01/2023,FALLOW,,,
HART_S1.1_P1231_R2,1/01/2023,FALLOW,,,
HART_S1.3_P3123_R2,1/01/2023,FALLOW,,,
HART_S6_P3412_R3,1/01/2023,FALLOW,,,
HART_S1.3_P1231_R3,1/01/2023,FALLOW,,,
HART_S3_P3412_R3,1/01/2023,FALLOW,,,
HART_S4.2_P3412_R3,1/01/2023,FALLOW,,,
HART_S9_P1234_R3,1/01/2023,FALLOW,,,
HART_S10.2_P2312_R3,1/01/2023,FALLOW,,,
HART_S4.3_P1234_R3,1/01/2023,FALLOW,,,
HART_S1.1_P3123_R3,1/01/2023,FALLOW,,,
HART_S10.3_P2312_R3,1/01/2023,FALLOW,,,
HART_S3_P4123_R3,1/01/2023,FALLOW,,,
HART_S1.3_P2312_R3,1/01/2023,FALLOW,,,
HART_S7_P3412_R3,1/01/2023,FALLOW,,,
HART_S2.2_P0000_R3,1/01/2023,FALLOW,,,
HART_S9_P4123_R3,1/01/2023,FALLOW,,,
ROSEWORTHY_S1.2_P2312_R1,1/01/2023,FALLOW,,,
ROSEWORTHY_S7_P0000_R1,1/01/2023,FALLOW,,,
ROSEWORTHY_S2_P1212_R1,1/01/2023,FALLOW,,,
ROSEWORTHY_S6_P0000_R1,1/01/2023,FALLOW,,,
ROSEWORTHY_S1.1_P3123_R1,1/01/2023,FALLOW,,,
ROSEWORTHY_S4_P3123_R1,1/01/2023,FALLOW,,,
ROSEWORTHY_S4_P1231_R1,1/01/2023,FALLOW,,,
ROSEWORTHY_S1.1_P1231_R1,1/01/2023,FALLOW,,,
ROSEWORTHY_S3_P2121_R1,1/01/2023,FALLOW,,,
ROSEWORTHY_S2_P2121_R1,1/01/2023,FALLOW,,,
ROSEWORTHY_S3_P1212_R1,1/01/2023,FALLOW,,,
ROSEWORTHY_S4_P2312_R1,1/01/2023,FALLOW,,,
ROSEWORTHY_S1.2_P3123_R1,1/01/2023,FALLOW,,,
ROSEWORTHY_S1.2_P1231_R1,1/01/2023,FALLOW,,,
ROSEWORTHY_S5_P0000_R1,1/01/2023,FALLOW,,,
ROSEWORTHY_S1.1_P2312_R1,1/01/2023,FALLOW,,,
ROSEWORTHY_S4_P3123_R2,1/01/2023,FALLOW,,,
ROSEWORTHY_S2_P2121_R2,1/01/2023,FALLOW,,,
ROSEWORTHY_S2_P1212_R2,1/01/2023,FALLOW,,,
ROSEWORTHY_S1.1_P3123_R2,1/01/2023,FALLOW,,,
ROSEWORTHY_S1.2_P2312_R2,1/01/2023,FALLOW,,,
ROSEWORTHY_S1.1_P2312_R2,1/01/2023,FALLOW,,,
ROSEWORTHY_S3_P1212_R2,1/01/2023,FALLOW,,,
ROSEWORTHY_S5_P0000_R2,1/01/2023,FALLOW,,,
ROSEWORTHY_S7_P0000_R2,1/01/2023,FALLOW,,,
ROSEWORTHY_S1.1_P1231_R2,1/01/2023,FALLOW,,,
ROSEWORTHY_S4_P2312_R2,1/01/2023,FALLOW,,,
ROSEWORTHY_S3_P2121_R2,1/01/2023,FALLOW,,,
ROSEWORTHY_S6_P0000_R2,1/01/2023,FALLOW,,,
ROSEWORTHY_S1.2_P1231_R2,1/01/2023,FALLOW,,,
ROSEWORTHY_S1.2_P3123_R2,1/01/2023,FALLOW,,,
ROSEWORTHY_S4_P1231_R2,1/01/2023,FALLOW,,,
ROSEWORTHY_S1.2_P3123_R3,1/01/2023,FALLOW,,,
ROSEWORTHY_S1.1_P1231_R3,1/01/2023,FALLOW,,,
ROSEWORTHY_S3_P1212_R3,1/01/2023,FALLOW,,,
ROSEWORTHY_S2_P1212_R3,1/01/2023,FALLOW,,,
ROSEWORTHY_S1.1_P3123_R3,1/01/2023,FALLOW,,,
ROSEWORTHY_S1.2_P1231_R3,1/01/2023,FALLOW,,,
ROSEWORTHY_S4_P2312_R3,1/01/2023,FALLOW,,,
ROSEWORTHY_S7_P0000_R3,1/01/2023,FALLOW,,,
ROSEWORTHY_S5_P0000_R3,1/01/2023,FALLOW,,,
ROSEWORTHY_S6_P0000_R3,1/01/2023,FALLOW,,,
ROSEWORTHY_S3_P2121_R3,1/01/2023,FALLOW,,,
ROSEWORTHY_S1.2_P2312_R3,1/01/2023,FALLOW,,,
ROSEWORTHY_S2_P2121_R3,1/01/2023,FALLOW,,,
ROSEWORTHY_S4_P1231_R3,1/01/2023,FALLOW,,,
ROSEWORTHY_S1.1_P2312_R3,1/01/2023,FALLOW,,,
ROSEWORTHY_S4_P3123_R3,1/01/2023,FALLOW,,,
MANANG_S8.1_P2312_R1,1/01/2023,FALLOW,,,
MANANG_S1.1_P3123_R1,1/01/2023,FALLOW,,,
MANANG_S4_P4123_R1,1/01/2023,FALLOW,,,
MANANG_S12_P0000_R1,1/01/2023,FALLOW,,,
MANANG_S6_P1111_R1,1/01/2023,FALLOW,,,
MANANG_S10.2_P3123_R1,1/01/2023,FALLOW,,,
MANANG_S1.3_P3123_R1,1/01/2023,FALLOW,,,
MANANG_S3_P1231_R1,1/01/2023,FALLOW,,,
MANANG_S5_P2341_R1,1/01/2023,FALLOW,,,
MANANG_S8.2_P1231_R1,1/01/2023,FALLOW,,,
MANANG_S8.1_P1231_R1,1/01/2023,FALLOW,,,
MANANG_S11_P2121_R1,1/01/2023,FALLOW,,,
MANANG_S1.1_P1231_R1,1/01/2023,FALLOW,,,
MANANG_S5_P1234_R1,1/01/2023,FALLOW,,,
MANANG_S11_P1212_R1,1/01/2023,FALLOW,,,
MANANG_S13_P0000_R1,1/01/2023,FALLOW,,,
MANANG_S9_P1231_R1,1/01/2023,FALLOW,,,
MANANG_S1.3_P1231_R1,1/01/2023,FALLOW,,,
MANANG_S5_P3412_R1,1/01/2023,FALLOW,,,
MANANG_S8.2_P2312_R1,1/01/2023,FALLOW,,,
MANANG_S8.2_P3123_R1,1/01/2023,FALLOW,,,
MANANG_S1.2_P1231_R1,1/01/2023,FALLOW,,,
MANANG_S10.1_P1231_R1,1/01/2023,FALLOW,,,
MANANG_S12_P0000_R2,1/01/2023,FALLOW,,,
MANANG_S4_P3412_R1,1/01/2023,FALLOW,,,
MANANG_S1.2_P2312_R1,1/01/2023,FALLOW,,,
MANANG_S10.1_P3123_R1,1/01/2023,FALLOW,,,
MANANG_S7_P1231_R1,1/01/2023,FALLOW,,,
MANANG_S7_P3123_R1,1/01/2023,FALLOW,,,
MANANG_S4_P1234_R1,1/01/2023,FALLOW,,,
MANANG_S10.2_P2312_R1,1/01/2023,FALLOW,,,
MANANG_S9_P3123_R1,1/01/2023,FALLOW,,,
MANANG_S2_P1212_R1,1/01/2023,FALLOW,,,
MANANG_S1.3_P2312_R1,1/01/2023,FALLOW,,,
MANANG_S2_P2121_R1,1/01/2023,FALLOW,,,
MANANG_S3_P2312_R1,1/01/2023,FALLOW,,,
MANANG_S6_P1111_R2,1/01/2023,FALLOW,,,
MANANG_S1.1_P2312_R1,1/01/2023,FALLOW,,,
MANANG_S1.2_P3123_R1,1/01/2023,FALLOW,,,
MANANG_S10.2_P1231_R1,1/01/2023,FALLOW,,,
MANANG_S9_P2312_R1,1/01/2023,FALLOW,,,
MANANG_S13_P0000_R2,1/01/2023,FALLOW,,,
MANANG_S4_P2341_R1,1/01/2023,FALLOW,,,
MANANG_S7_P2312_R1,1/01/2023,FALLOW,,,
MANANG_S3_P3123_R1,1/01/2023,FALLOW,,,
MANANG_S5_P4123_R1,1/01/2023,FALLOW,,,
MANANG_S12_P0000_R3,1/01/2023,FALLOW,,,
MANANG_S10.1_P2312_R1,1/01/2023,FALLOW,,,
MANANG_S13_P0000_R3,1/01/2023,FALLOW,,,
MANANG_S8.1_P3123_R1,1/01/2023,FALLOW,,,
MANANG_S3_P2312_R2,1/01/2023,FALLOW,,,
MANANG_S8.2_P2312_R2,1/01/2023,FALLOW,,,
MANANG_S8.2_P1231_R2,1/01/2023,FALLOW,,,
MANANG_S1.3_P2312_R2,1/01/2023,FALLOW,,,
MANANG_S13_P0000_R4,1/01/2023,FALLOW,,,
MANANG_S9_P2312_R2,1/01/2023,FALLOW,,,
MANANG_S2_P1212_R2,1/01/2023,FALLOW,,,
MANANG_S10.1_P3123_R2,1/01/2023,FALLOW,,,
MANANG_S1.1_P3123_R2,1/01/2023,FALLOW,,,
MANANG_S4_P1234_R2,1/01/2023,FALLOW,,,
MANANG_S8.1_P3123_R2,1/01/2023,FALLOW,,,
MANANG_S1.2_P2312_R2,1/01/2023,FALLOW,,,
MANANG_S3_P3123_R2,1/01/2023,FALLOW,,,
MANANG_S5_P2341_R2,1/01/2023,FALLOW,,,
MANANG_S4_P3412_R2,1/01/2023,FALLOW,,,
MANANG_S8.1_P2312_R2,1/01/2023,FALLOW,,,
MANANG_S11_P2121_R2,1/01/2023,FALLOW,,,
MANANG_S12_P0000_R4,1/01/2023,FALLOW,,,
MANANG_S8.1_P1231_R2,1/01/2023,FALLOW,,,
MANANG_S7_P3123_R2,1/01/2023,FALLOW,,,
MANANG_S9_P3123_R2,1/01/2023,FALLOW,,,
MANANG_S13_P0000_R5,1/01/2023,FALLOW,,,
MANANG_S1.3_P3123_R2,1/01/2023,FALLOW,,,
MANANG_S13_P0000_R6,1/01/2023,FALLOW,,,
MANANG_S10.1_P2312_R2,1/01/2023,FALLOW,,,
MANANG_S7_P2312_R2,1/01/2023,FALLOW,,,
MANANG_S12_P0000_R5,1/01/2023,FALLOW,,,
MANANG_S4_P4123_R2,1/01/2023,FALLOW,,,
MANANG_S6_P1111_R3,1/01/2023,FALLOW,,,
MANANG_S1.1_P1231_R2,1/01/2023,FALLOW,,,
MANANG_S1.2_P3123_R2,1/01/2023,FALLOW,,,
MANANG_S5_P1234_R2,1/01/2023,FALLOW,,,
MANANG_S1.1_P2312_R2,1/01/2023,FALLOW,,,
MANANG_S12_P0000_R6,1/01/2023,FALLOW,,,
MANANG_S6_P1111_R4,1/01/2023,FALLOW,,,
MANANG_S10.1_P1231_R2,1/01/2023,FALLOW,,,
MANANG_S8.2_P3123_R2,1/01/2023,FALLOW,,,
MANANG_S3_P1231_R2,1/01/2023,FALLOW,,,
MANANG_S1.2_P1231_R2,1/01/2023,FALLOW,,,
MANANG_S1.3_P1231_R2,1/01/2023,FALLOW,,,
MANANG_S2_P2121_R2,1/01/2023,FALLOW,,,
MANANG_S5_P3412_R2,1/01/2023,FALLOW,,,
MANANG_S7_P1231_R2,1/01/2023,FALLOW,,,
MANANG_S5_P4123_R2,1/01/2023,FALLOW,,,
MANANG_S10.2_P2312_R2,1/01/2023,FALLOW,,,
MANANG_S9_P1231_R2,1/01/2023,FALLOW,,,
MANANG_S4_P2341_R2,1/01/2023,FALLOW,,,
MANANG_S10.2_P3123_R2,1/01/2023,FALLOW,,,
MANANG_S10.2_P1231_R2,1/01/2023,FALLOW,,,
MANANG_S11_P1212_R2,1/01/2023,FALLOW,,,
MANANG_S10.2_P1231_R3,1/01/2023,FALLOW,,,
MANANG_S8.1_P2312_R3,1/01/2023,FALLOW,,,
MANANG_S7_P2312_R3,1/01/2023,FALLOW,,,
MANANG_S5_P1234_R3,1/01/2023,FALLOW,,,
MANANG_S1.1_P2312_R3,1/01/2023,FALLOW,,,
MANANG_S12_P0000_R7,1/01/2023,FALLOW,,,
MANANG_S4_P2341_R3,1/01/2023,FALLOW,,,
MANANG_S11_P1212_R3,1/01/2023,FALLOW,,,
MANANG_S9_P3123_R3,1/01/2023,FALLOW,,,
MANANG_S1.1_P1231_R3,1/01/2023,FALLOW,,,
MANANG_S10.2_P2312_R3,1/01/2023,FALLOW,,,
MANANG_S10.2_P3123_R3,1/01/2023,FALLOW,,,
MANANG_S12_P0000_R8,1/01/2023,FALLOW,,,
MANANG_S10.1_P3123_R3,1/01/2023,FALLOW,,,
MANANG_S1.3_P1231_R3,1/01/2023,FALLOW,,,
MANANG_S1.1_P3123_R3,1/01/2023,FALLOW,,,
MANANG_S4_P3412_R3,1/01/2023,FALLOW,,,
MANANG_S6_P1111_R5,1/01/2023,FALLOW,,,
MANANG_S3_P3123_R3,1/01/2023,FALLOW,,,
MANANG_S8.2_P2312_R3,1/01/2023,FALLOW,,,
MANANG_S8.2_P1231_R3,1/01/2023,FALLOW,,,
MANANG_S12_P0000_R9,1/01/2023,FALLOW,,,
MANANG_S6_P1111_R6,1/01/2023,FALLOW,,,
MANANG_S5_P4123_R3,1/01/2023,FALLOW,,,
MANANG_S1.3_P3123_R3,1/01/2023,FALLOW,,,
MANANG_S5_P2341_R3,1/01/2023,FALLOW,,,
MANANG_S13_P0000_R7,1/01/2023,FALLOW,,,
MANANG_S9_P1231_R3,1/01/2023,FALLOW,,,
MANANG_S7_P1231_R3,1/01/2023,FALLOW,,,
MANANG_S9_P2312_R3,1/01/2023,FALLOW,,,
MANANG_S5_P3412_R3,1/01/2023,FALLOW,,,
MANANG_S1.2_P3123_R3,1/01/2023,FALLOW,,,
MANANG_S1.2_P1231_R3,1/01/2023,FALLOW,,,
MANANG_S8.1_P1231_R3,1/01/2023,FALLOW,,,
MANANG_S8.2_P3123_R3,1/01/2023,FALLOW,,,
MANANG_S1.2_P2312_R3,1/01/2023,FALLOW,,,
MANANG_S2_P1212_R3,1/01/2023,FALLOW,,,
MANANG_S7_P3123_R3,1/01/2023,FALLOW,,,
MANANG_S4_P1234_R3,1/01/2023,FALLOW,,,
MANANG_S13_P0000_R8,1/01/2023,FALLOW,,,
MANANG_S2_P2121_R3,1/01/2023,FALLOW,,,
MANANG_S10.1_P1231_R3,1/01/2023,FALLOW,,,
MANANG_S1.3_P2312_R3,1/01/2023,FALLOW,,,
MANANG_S11_P2121_R3,1/01/2023,FALLOW,,,
MANANG_S3_P1231_R3,1/01/2023,FALLOW,,,
MANANG_S3_P2312_R3,1/01/2023,FALLOW,,,
MANANG_S4_P4123_R3,1/01/2023,FALLOW,,,
MANANG_S13_P0000_R9,1/01/2023,FALLOW,,,
MANANG_S10.1_P2312_R3,1/01/2023,FALLOW,,,
MANANG_S8.1_P3123_R3,1/01/2023,FALLOW,,,
KINNABULLA_S9.2_P1231_R1,1/01/2023,FALLOW,,,
KINNABULLA_S4_P2341_R1,1/01/2023,FALLOW,,,
KINNABULLA_S9.1_P3123_R1,1/01/2023,FALLOW,,,
KINNABULLA_S4_P1234_R1,1/01/2023,FALLOW,,,
KINNABULLA_S12_P0000_R1,1/01/2023,FALLOW,,,
KINNABULLA_S2.2_P2121_R1,1/01/2023,FALLOW,,,
KINNABULLA_S9.2_P2312_R1,1/01/2023,FALLOW,,,
KINNABULLA_S3_P1231_R1,1/01/2023,FALLOW,,,
KINNABULLA_S2.1_P1212_R1,1/01/2023,FALLOW,,,
KINNABULLA_S1.2_P2312_R1,1/01/2023,FALLOW,,,
KINNABULLA_S12_P0000_R2,1/01/2023,FALLOW,,,
KINNABULLA_S1.1_P3123_R1,1/01/2023,FALLOW,,,
KINNABULLA_S7_P1111_R1,1/01/2023,FALLOW,,,
KINNABULLA_S4_P3412_R1,1/01/2023,FALLOW,,,
KINNABULLA_S1.3_P3123_R1,1/01/2023,FALLOW,,,
KINNABULLA_S10_P3123_R1,1/01/2023,FALLOW,,,
KINNABULLA_S3_P2312_R1,1/01/2023,FALLOW,,,
KINNABULLA_S6_P2341_R1,1/01/2023,FALLOW,,,
KINNABULLA_S10_P2312_R1,1/01/2023,FALLOW,,,
KINNABULLA_S7_P1111_R2,1/01/2023,FALLOW,,,
KINNABULLA_S13_P0000_R1,1/01/2023,FALLOW,,,
KINNABULLA_S13_P0000_R2,1/01/2023,FALLOW,,,
KINNABULLA_S11_P1231_R1,1/01/2023,FALLOW,,,
KINNABULLA_S9.2_P3123_R1,1/01/2023,FALLOW,,,
KINNABULLA_S14_P0000_R1,1/01/2023,FALLOW,,,
KINNABULLA_S2.1_P2121_R1,1/01/2023,FALLOW,,,
KINNABULLA_S6_P3412_R1,1/01/2023,FALLOW,,,
KINNABULLA_S8_P3123_R1,1/01/2023,FALLOW,,,
KINNABULLA_S2.2_P1212_R1,1/01/2023,FALLOW,,,
KINNABULLA_S5_P1212_R1,1/01/2023,FALLOW,,,
KINNABULLA_S13_P0000_R3,1/01/2023,FALLOW,,,
KINNABULLA_S4_P4123_R1,1/01/2023,FALLOW,,,
KINNABULLA_S1.3_P1231_R1,1/01/2023,FALLOW,,,
KINNABULLA_S9.1_P1231_R1,1/01/2023,FALLOW,,,
KINNABULLA_S11_P2312_R1,1/01/2023,FALLOW,,,
KINNABULLA_S1.3_P2312_R1,1/01/2023,FALLOW,,,
KINNABULLA_S1.1_P1231_R1,1/01/2023,FALLOW,,,
KINNABULLA_S3_P3123_R1,1/01/2023,FALLOW,,,
KINNABULLA_S6_P1234_R1,1/01/2023,FALLOW,,,
KINNABULLA_S8_P2312_R1,1/01/2023,FALLOW,,,
KINNABULLA_S14_P0000_R2,1/01/2023,FALLOW,,,
KINNABULLA_S10_P1231_R1,1/01/2023,FALLOW,,,
KINNABULLA_S1.2_P1231_R1,1/01/2023,FALLOW,,,
KINNABULLA_S1.2_P3123_R1,1/01/2023,FALLOW,,,
KINNABULLA_S9.1_P2312_R1,1/01/2023,FALLOW,,,
KINNABULLA_S5_P2121_R1,1/01/2023,FALLOW,,,
KINNABULLA_S8_P1231_R1,1/01/2023,FALLOW,,,
KINNABULLA_S12_P0000_R3,1/01/2023,FALLOW,,,
KINNABULLA_S14_P0000_R3,1/01/2023,FALLOW,,,
KINNABULLA_S6_P4123_R1,1/01/2023,FALLOW,,,
KINNABULLA_S11_P3123_R1,1/01/2023,FALLOW,,,
KINNABULLA_S1.1_P2312_R1,1/01/2023,FALLOW,,,
KINNABULLA_S5_P1212_R2,1/01/2023,FALLOW,,,
KINNABULLA_S1.1_P3123_R2,1/01/2023,FALLOW,,,
KINNABULLA_S4_P2341_R2,1/01/2023,FALLOW,,,
KINNABULLA_S12_P0000_R4,1/01/2023,FALLOW,,,
KINNABULLA_S6_P3412_R2,1/01/2023,FALLOW,,,
KINNABULLA_S1.1_P2312_R2,1/01/2023,FALLOW,,,
KINNABULLA_S6_P2341_R2,1/01/2023,FALLOW,,,
KINNABULLA_S14_P0000_R4,1/01/2023,FALLOW,,,
KINNABULLA_S2.2_P2121_R2,1/01/2023,FALLOW,,,
KINNABULLA_S13_P0000_R4,1/01/2023,FALLOW,,,
KINNABULLA_S8_P1231_R2,1/01/2023,FALLOW,,,
KINNABULLA_S8_P2312_R2,1/01/2023,FALLOW,,,
KINNABULLA_S3_P2312_R2,1/01/2023,FALLOW,,,
KINNABULLA_S3_P1231_R2,1/01/2023,FALLOW,,,
KINNABULLA_S2.1_P1212_R2,1/01/2023,FALLOW,,,
KINNABULLA_S9.1_P2312_R2,1/01/2023,FALLOW,,,
KINNABULLA_S13_P0000_R5,1/01/2023,FALLOW,,,
KINNABULLA_S2.1_P2121_R2,1/01/2023,FALLOW,,,
KINNABULLA_S2.2_P1212_R2,1/01/2023,FALLOW,,,
KINNABULLA_S1.3_P1231_R2,1/01/2023,FALLOW,,,
KINNABULLA_S1.2_P2312_R2,1/01/2023,FALLOW,,,
KINNABULLA_S11_P1231_R2,1/01/2023,FALLOW,,,
KINNABULLA_S10_P3123_R2,1/01/2023,FALLOW,,,
KINNABULLA_S11_P2312_R2,1/01/2023,FALLOW,,,
KINNABULLA_S6_P4123_R2,1/01/2023,FALLOW,,,
KINNABULLA_S6_P1234_R2,1/01/2023,FALLOW,,,
KINNABULLA_S3_P3123_R2,1/01/2023,FALLOW,,,
KINNABULLA_S10_P2312_R2,1/01/2023,FALLOW,,,
KINNABULLA_S11_P3123_R2,1/01/2023,FALLOW,,,
KINNABULLA_S4_P1234_R2,1/01/2023,FALLOW,,,
KINNABULLA_S12_P0000_R5,1/01/2023,FALLOW,,,
KINNABULLA_S12_P0000_R6,1/01/2023,FALLOW,,,
KINNABULLA_S9.2_P3123_R2,1/01/2023,FALLOW,,,
KINNABULLA_S9.1_P3123_R2,1/01/2023,FALLOW,,,
KINNABULLA_S7_P1111_R3,1/01/2023,FALLOW,,,
KINNABULLA_S4_P4123_R2,1/01/2023,FALLOW,,,
KINNABULLA_S1.2_P3123_R2,1/01/2023,FALLOW,,,
KINNABULLA_S7_P1111_R4,1/01/2023,FALLOW,,,
KINNABULLA_S4_P3412_R2,1/01/2023,FALLOW,,,
KINNABULLA_S8_P3123_R2,1/01/2023,FALLOW,,,
KINNABULLA_S1.3_P2312_R2,1/01/2023,FALLOW,,,
KINNABULLA_S9.2_P1231_R2,1/01/2023,FALLOW,,,
KINNABULLA_S13_P0000_R6,1/01/2023,FALLOW,,,
KINNABULLA_S1.3_P3123_R2,1/01/2023,FALLOW,,,
KINNABULLA_S9.2_P2312_R2,1/01/2023,FALLOW,,,
KINNABULLA_S14_P0000_R5,1/01/2023,FALLOW,,,
KINNABULLA_S10_P1231_R2,1/01/2023,FALLOW,,,
KINNABULLA_S9.1_P1231_R2,1/01/2023,FALLOW,,,
KINNABULLA_S1.2_P1231_R2,1/01/2023,FALLOW,,,
KINNABULLA_S1.1_P1231_R2,1/01/2023,FALLOW,,,
KINNABULLA_S14_P0000_R6,1/01/2023,FALLOW,,,
KINNABULLA_S5_P2121_R2,1/01/2023,FALLOW,,,
KINNABULLA_S12_P0000_R7,1/01/2023,FALLOW,,,
KINNABULLA_S3_P1231_R3,1/01/2023,FALLOW,,,
KINNABULLA_S1.2_P2312_R3,1/01/2023,FALLOW,,,
KINNABULLA_S14_P0000_R7,1/01/2023,FALLOW,,,
KINNABULLA_S4_P1234_R3,1/01/2023,FALLOW,,,
KINNABULLA_S8_P2312_R3,1/01/2023,FALLOW,,,
KINNABULLA_S10_P1231_R3,1/01/2023,FALLOW,,,
KINNABULLA_S5_P2121_R3,1/01/2023,FALLOW,,,
KINNABULLA_S11_P2312_R3,1/01/2023,FALLOW,,,
KINNABULLA_S3_P3123_R3,1/01/2023,FALLOW,,,
KINNABULLA_S9.1_P3123_R3,1/01/2023,FALLOW,,,
KINNABULLA_S14_P0000_R8,1/01/2023,FALLOW,,,
KINNABULLA_S9.1_P2312_R3,1/01/2023,FALLOW,,,
KINNABULLA_S6_P2341_R3,1/01/2023,FALLOW,,,
KINNABULLA_S14_P0000_R9,1/01/2023,FALLOW,,,
KINNABULLA_S2.2_P2121_R3,1/01/2023,FALLOW,,,
KINNABULLA_S6_P1234_R3,1/01/2023,FALLOW,,,
KINNABULLA_S13_P0000_R7,1/01/2023,FALLOW,,,
KINNABULLA_S11_P1231_R3,1/01/2023,FALLOW,,,
KINNABULLA_S12_P0000_R8,1/01/2023,FALLOW,,,
KINNABULLA_S11_P3123_R3,1/01/2023,FALLOW,,,
KINNABULLA_S10_P3123_R3,1/01/2023,FALLOW,,,
KINNABULLA_S8_P1231_R3,1/01/2023,FALLOW,,,
KINNABULLA_S1.2_P1231_R3,1/01/2023,FALLOW,,,
KINNABULLA_S9.2_P3123_R3,1/01/2023,FALLOW,,,
KINNABULLA_S12_P0000_R9,1/01/2023,FALLOW,,,
KINNABULLA_S1.3_P1231_R3,1/01/2023,FALLOW,,,
KINNABULLA_S2.1_P1212_R3,1/01/2023,FALLOW,,,
KINNABULLA_S1.2_P3123_R3,1/01/2023,FALLOW,,,
KINNABULLA_S1.3_P2312_R3,1/01/2023,FALLOW,,,
KINNABULLA_S1.1_P1231_R3,1/01/2023,FALLOW,,,
KINNABULLA_S4_P4123_R3,1/01/2023,FALLOW,,,
KINNABULLA_S2.1_P2121_R3,1/01/2023,FALLOW,,,
KINNABULLA_S1.1_P3123_R3,1/01/2023,FALLOW,,,
KINNABULLA_S6_P3412_R3,1/01/2023,FALLOW,,,
KINNABULLA_S3_P2312_R3,1/01/2023,FALLOW,,,
KINNABULLA_S1.3_P3123_R3,1/01/2023,FALLOW,,,
KINNABULLA_S2.2_P1212_R3,1/01/2023,FALLOW,,,
KINNABULLA_S7_P1111_R5,1/01/2023,FALLOW,,,
KINNABULLA_S9.2_P2312_R3,1/01/2023,FALLOW,,,
KINNABULLA_S5_P1212_R3,1/01/2023,FALLOW,,,
KINNABULLA_S9.1_P1231_R3,1/01/2023,FALLOW,,,
KINNABULLA_S4_P2341_R3,1/01/2023,FALLOW,,,
KINNABULLA_S13_P0000_R8,1/01/2023,FALLOW,,,
KINNABULLA_S8_P3123_R3,1/01/2023,FALLOW,,,
KINNABULLA_S1.1_P2312_R3,1/01/2023,FALLOW,,,
KINNABULLA_S9.2_P1231_R3,1/01/2023,FALLOW,,,
KINNABULLA_S4_P3412_R3,1/01/2023,FALLOW,,,
KINNABULLA_S7_P1111_R6,1/01/2023,FALLOW,,,
KINNABULLA_S10_P2312_R3,1/01/2023,FALLOW,,,
KINNABULLA_S13_P0000_R9,1/01/2023,FALLOW,,,
KINNABULLA_S6_P4123_R3,1/01/2023,FALLOW,,,
WALLUP_S5_P0000_R1,1/01/2023,FALLOW,,,
WALLUP_S4_P1231_R1,1/01/2023,FALLOW,,,
WALLUP_S2_P1234_R1,1/01/2023,FALLOW,,,
WALLUP_S4_P2312_R1,1/01/2023,FALLOW,,,
WALLUP_S3_P1234_R1,1/01/2023,FALLOW,,,
WALLUP_S2_P3412_R1,1/01/2023,FALLOW,,,
WALLUP_S1_P1231_R1,1/01/2023,FALLOW,,,
WALLUP_S3_P4123_R1,1/01/2023,FALLOW,,,
WALLUP_S1_P3123_R1,1/01/2023,FALLOW,,,
WALLUP_S2_P2341_R1,1/01/2023,FALLOW,,,
WALLUP_S6_P0000_R1,1/01/2023,FALLOW,,,
WALLUP_S2_P4123_R1,1/01/2023,FALLOW,,,
WALLUP_S4_P3123_R1,1/01/2023,FALLOW,,,
WALLUP_S1_P2312_R1,1/01/2023,FALLOW,,,
WALLUP_S3_P3412_R1,1/01/2023,FALLOW,,,
WALLUP_S3_P2341_R1,1/01/2023,FALLOW,,,
WALLUP_S2_P2341_R2,1/01/2023,FALLOW,,,
WALLUP_S4_P2312_R2,1/01/2023,FALLOW,,,
WALLUP_S3_P2341_R2,1/01/2023,FALLOW,,,
WALLUP_S3_P4123_R2,1/01/2023,FALLOW,,,
WALLUP_S5_P0000_R2,1/01/2023,FALLOW,,,
WALLUP_S2_P4123_R2,1/01/2023,FALLOW,,,
WALLUP_S3_P1234_R2,1/01/2023,FALLOW,,,
WALLUP_S3_P3412_R2,1/01/2023,FALLOW,,,
WALLUP_S1_P2312_R2,1/01/2023,FALLOW,,,
WALLUP_S4_P1231_R2,1/01/2023,FALLOW,,,
WALLUP_S6_P0000_R2,1/01/2023,FALLOW,,,
WALLUP_S1_P1231_R2,1/01/2023,FALLOW,,,
WALLUP_S1_P3123_R2,1/01/2023,FALLOW,,,
WALLUP_S2_P3412_R2,1/01/2023,FALLOW,,,
WALLUP_S4_P3123_R2,1/01/2023,FALLOW,,,
WALLUP_S2_P1234_R2,1/01/2023,FALLOW,,,
WALLUP_S4_P1231_R3,1/01/2023,FALLOW,,,
WALLUP_S3_P1234_R3,1/01/2023,FALLOW,,,
WALLUP_S2_P1234_R3,1/01/2023,FALLOW,,,
WALLUP_S1_P3123_R3,1/01/2023,FALLOW,,,
WALLUP_S4_P3123_R3,1/01/2023,FALLOW,,,
WALLUP_S4_P2312_R3,1/01/2023,FALLOW,,,
WALLUP_S5_P0000_R3,1/01/2023,FALLOW,,,
WALLUP_S3_P2341_R3,1/01/2023,FALLOW,,,
WALLUP_S2_P4123_R3,1/01/2023,FALLOW,,,
WALLUP_S2_P3412_R3,1/01/2023,FALLOW,,,
WALLUP_S1_P1231_R3,1/01/2023,FALLOW,,,
WALLUP_S2_P2341_R3,1/01/2023,FALLOW,,,
WALLUP_S3_P3412_R3,1/01/2023,FALLOW,,,
WALLUP_S1_P2312_R3,1/01/2023,FALLOW,,,
WALLUP_S3_P4123_R3,1/01/2023,FALLOW,,,
WALLUP_S6_P0000_R3,1/01/2023,FALLOW,,,
STREATHAM_S9.2_P2121_R1,1/01/2023,FALLOW,,,
STREATHAM_S4_P3123_R1,1/01/2023,FALLOW,,,
STREATHAM_S6.1_P2312_R1,1/01/2023,FALLOW,,,
STREATHAM_S2.2_P1234_R1,1/01/2023,FALLOW,,,
STREATHAM_S2.1_P3412_R1,1/01/2023,FALLOW,,,
STREATHAM_S8_P3123_R1,1/01/2023,FALLOW,,,
STREATHAM_S1.4_P2121_R1,1/01/2023,FALLOW,,,
STREATHAM_S2.3_P4123_R1,1/01/2023,FALLOW,,,
STREATHAM_S9.3_P2121_R1,1/01/2023,FALLOW,,,
STREATHAM_S1.1_P1212_R1,1/01/2023,FALLOW,,,
STREATHAM_S3_P1234_R1,1/01/2023,FALLOW,,,
STREATHAM_S7_P2341_R1,1/01/2023,FALLOW,,,
STREATHAM_S2.4_P1234_R1,1/01/2023,FALLOW,,,
STREATHAM_S7_P1234_R1,1/01/2023,FALLOW,,,
STREATHAM_S2.3_P1234_R1,1/01/2023,FALLOW,,,
STREATHAM_S3_P2341_R1,1/01/2023,FALLOW,,,
STREATHAM_S1.2_P2121_R1,1/01/2023,FALLOW,,,
STREATHAM_S1.3_P2121_R1,1/01/2023,FALLOW,,,
STREATHAM_S2.4_P3412_R1,1/01/2023,FALLOW,,,
STREATHAM_S9.1_P1212_R1,1/01/2023,FALLOW,,,
STREATHAM_S11_P0000_R1,1/01/2023,FALLOW,,,
STREATHAM_S2.1_P2341_R1,1/01/2023,FALLOW,,,
STREATHAM_S13_P0000_R1,1/01/2023,FALLOW,,,
STREATHAM_S13_P0000_R1,1/01/2023,FALLOW,,,
STREATHAM_S9.3_P1212_R1,1/01/2023,FALLOW,,,
STREATHAM_S10_P2121_R1,1/01/2023,FALLOW,,,
STREATHAM_S12_P0000_R1,1/01/2023,FALLOW,,,
STREATHAM_S7_P3412_R1,1/01/2023,FALLOW,,,
STREATHAM_S6.1_P3123_R1,1/01/2023,FALLOW,,,
STREATHAM_S5_P2312_R1,1/01/2023,FALLOW,,,
STREATHAM_S2.2_P4123_R1,1/01/2023,FALLOW,,,
STREATHAM_S2.1_P1234_R1,1/01/2023,FALLOW,,,
STREATHAM_S6.2_P2312_R1,1/01/2023,FALLOW,,,
STREATHAM_S11_P0000_R1,1/01/2023,FALLOW,,,
STREATHAM_S1.3_P1212_R1,1/01/2023,FALLOW,,,
STREATHAM_S2.3_P3412_R1,1/01/2023,FALLOW,,,
STREATHAM_S11_P0000_R1,1/01/2023,FALLOW,,,
STREATHAM_S8_P1231_R1,1/01/2023,FALLOW,,,
STREATHAM_S8_P2312_R1,1/01/2023,FALLOW,,,
STREATHAM_S12_P0000_R1,1/01/2023,FALLOW,,,
STREATHAM_S6.2_P1231_R1,1/01/2023,FALLOW,,,
STREATHAM_S2.4_P4123_R1,1/01/2023,FALLOW,,,
STREATHAM_S6.2_P3123_R1,1/01/2023,FALLOW,,,
STREATHAM_S1.4_P1212_R1,1/01/2023,FALLOW,,,
STREATHAM_S12_P0000_R1,1/01/2023,FALLOW,,,
STREATHAM_S2.2_P3412_R1,1/01/2023,FALLOW,,,
STREATHAM_S10_P1212_R1,1/01/2023,FALLOW,,,
STREATHAM_S2.3_P2341_R1,1/01/2023,FALLOW,,,
STREATHAM_S4_P1231_R1,1/01/2023,FALLOW,,,
STREATHAM_S5_P1231_R1,1/01/2023,FALLOW,,,
STREATHAM_S2.4_P2341_R1,1/01/2023,FALLOW,,,
STREATHAM_S5_P3123_R1,1/01/2023,FALLOW,,,
STREATHAM_S6.1_P1231_R1,1/01/2023,FALLOW,,,
STREATHAM_S1.1_P2121_R1,1/01/2023,FALLOW,,,
STREATHAM_S1.2_P1212_R1,1/01/2023,FALLOW,,,
STREATHAM_S7_P4123_R1,1/01/2023,FALLOW,,,
STREATHAM_S9.1_P2121_R1,1/01/2023,FALLOW,,,
STREATHAM_S3_P3412_R1,1/01/2023,FALLOW,,,
STREATHAM_S9.2_P1212_R1,1/01/2023,FALLOW,,,
STREATHAM_S13_P0000_R1,1/01/2023,FALLOW,,,
STREATHAM_S3_P4123_R1,1/01/2023,FALLOW,,,
STREATHAM_S2.2_P2341_R1,1/01/2023,FALLOW,,,
STREATHAM_S4_P2312_R1,1/01/2023,FALLOW,,,
STREATHAM_S2.1_P4123_R1,1/01/2023,FALLOW,,,
STREATHAM_S2.3_P1234_R2,1/01/2023,FALLOW,,,
STREATHAM_S8_P1231_R2,1/01/2023,FALLOW,,,
STREATHAM_S3_P2341_R2,1/01/2023,FALLOW,,,
STREATHAM_S12_P0000_R2,1/01/2023,FALLOW,,,
STREATHAM_S1.1_P2121_R2,1/01/2023,FALLOW,,,
STREATHAM_S10_P1212_R2,1/01/2023,FALLOW,,,
STREATHAM_S2.1_P4123_R2,1/01/2023,FALLOW,,,
STREATHAM_S11_P0000_R2,1/01/2023,FALLOW,,,
STREATHAM_S9.1_P2121_R2,1/01/2023,FALLOW,,,
STREATHAM_S7_P3412_R2,1/01/2023,FALLOW,,,
STREATHAM_S4_P2312_R2,1/01/2023,FALLOW,,,
STREATHAM_S6.1_P2312_R2,1/01/2023,FALLOW,,,
STREATHAM_S2.4_P1234_R2,1/01/2023,FALLOW,,,
STREATHAM_S1.2_P1212_R2,1/01/2023,FALLOW,,,
STREATHAM_S4_P3123_R2,1/01/2023,FALLOW,,,
STREATHAM_S2.2_P3412_R2,1/01/2023,FALLOW,,,
STREATHAM_S13_P0000_R2,1/01/2023,FALLOW,,,
STREATHAM_S2.2_P4123_R2,1/01/2023,FALLOW,,,
STREATHAM_S1.4_P2121_R2,1/01/2023,FALLOW,,,
STREATHAM_S9.2_P1212_R2,1/01/2023,FALLOW,,,
STREATHAM_S3_P3412_R2,1/01/2023,FALLOW,,,
STREATHAM_S11_P0000_R2,1/01/2023,FALLOW,,,
STREATHAM_S9.3_P1212_R2,1/01/2023,FALLOW,,,
STREATHAM_S7_P1234_R2,1/01/2023,FALLOW,,,
STREATHAM_S6.2_P2312_R2,1/01/2023,FALLOW,,,
STREATHAM_S9.3_P2121_R2,1/01/2023,FALLOW,,,
STREATHAM_S12_P0000_R2,1/01/2023,FALLOW,,,
STREATHAM_S3_P1234_R2,1/01/2023,FALLOW,,,
STREATHAM_S1.3_P2121_R2,1/01/2023,FALLOW,,,
STREATHAM_S2.1_P2341_R2,1/01/2023,FALLOW,,,
STREATHAM_S2.4_P3412_R2,1/01/2023,FALLOW,,,
STREATHAM_S6.1_P1231_R2,1/01/2023,FALLOW,,,
STREATHAM_S1.3_P1212_R2,1/01/2023,FALLOW,,,
STREATHAM_S2.1_P1234_R2,1/01/2023,FALLOW,,,
STREATHAM_S13_P0000_R2,1/01/2023,FALLOW,,,
STREATHAM_S3_P4123_R2,1/01/2023,FALLOW,,,
STREATHAM_S9.2_P2121_R2,1/01/2023,FALLOW,,,
STREATHAM_S10_P2121_R2,1/01/2023,FALLOW,,,
STREATHAM_S2.2_P1234_R2,1/01/2023,FALLOW,,,
STREATHAM_S2.3_P2341_R2,1/01/2023,FALLOW,,,
STREATHAM_S7_P2341_R2,1/01/2023,FALLOW,,,
STREATHAM_S6.2_P1231_R2,1/01/2023,FALLOW,,,
STREATHAM_S1.4_P1212_R2,1/01/2023,FALLOW,,,
STREATHAM_S2.4_P4123_R2,1/01/2023,FALLOW,,,
STREATHAM_S2.4_P2341_R2,1/01/2023,FALLOW,,,
STREATHAM_S13_P0000_R2,1/01/2023,FALLOW,,,
STREATHAM_S8_P3123_R2,1/01/2023,FALLOW,,,
STREATHAM_S5_P1231_R2,1/01/2023,FALLOW,,,
STREATHAM_S2.2_P2341_R2,1/01/2023,FALLOW,,,
STREATHAM_S6.2_P3123_R2,1/01/2023,FALLOW,,,
STREATHAM_S1.2_P2121_R2,1/01/2023,FALLOW,,,
STREATHAM_S2.3_P3412_R2,1/01/2023,FALLOW,,,
STREATHAM_S8_P2312_R2,1/01/2023,FALLOW,,,
STREATHAM_S5_P3123_R2,1/01/2023,FALLOW,,,
STREATHAM_S1.1_P1212_R2,1/01/2023,FALLOW,,,
STREATHAM_S7_P4123_R2,1/01/2023,FALLOW,,,
STREATHAM_S2.1_P3412_R2,1/01/2023,FALLOW,,,
STREATHAM_S2.3_P4123_R2,1/01/2023,FALLOW,,,
STREATHAM_S12_P0000_R2,1/01/2023,FALLOW,,,
STREATHAM_S5_P2312_R2,1/01/2023,FALLOW,,,
STREATHAM_S9.1_P1212_R2,1/01/2023,FALLOW,,,
STREATHAM_S6.1_P3123_R2,1/01/2023,FALLOW,,,
STREATHAM_S4_P1231_R2,1/01/2023,FALLOW,,,
STREATHAM_S11_P0000_R2,1/01/2023,FALLOW,,,
STREATHAM_S2.4_P2341_R3,1/01/2023,FALLOW,,,
STREATHAM_S13_P0000_R3,1/01/2023,FALLOW,,,
STREATHAM_S9.3_P1212_R3,1/01/2023,FALLOW,,,
STREATHAM_S2.1_P2341_R3,1/01/2023,FALLOW,,,
STREATHAM_S7_P1234_R3,1/01/2023,FALLOW,,,
STREATHAM_S12_P0000_R3,1/01/2023,FALLOW,,,
STREATHAM_S9.2_P2121_R3,1/01/2023,FALLOW,,,
STREATHAM_S2.1_P4123_R3,1/01/2023,FALLOW,,,
STREATHAM_S1.3_P2121_R3,1/01/2023,FALLOW,,,
STREATHAM_S3_P3412_R3,1/01/2023,FALLOW,,,
STREATHAM_S7_P4123_R3,1/01/2023,FALLOW,,,
STREATHAM_S4_P3123_R3,1/01/2023,FALLOW,,,
STREATHAM_S8_P3123_R3,1/01/2023,FALLOW,,,
STREATHAM_S6.2_P3123_R3,1/01/2023,FALLOW,,,
STREATHAM_S9.1_P2121_R3,1/01/2023,FALLOW,,,
STREATHAM_S2.3_P2341_R3,1/01/2023,FALLOW,,,
STREATHAM_S2.2_P2341_R3,1/01/2023,FALLOW,,,
STREATHAM_S12_P0000_R3,1/01/2023,FALLOW,,,
STREATHAM_S1.4_P2121_R3,1/01/2023,FALLOW,,,
STREATHAM_S2.4_P1234_R3,1/01/2023,FALLOW,,,
STREATHAM_S6.1_P1231_R3,1/01/2023,FALLOW,,,
STREATHAM_S2.2_P3412_R3,1/01/2023,FALLOW,,,
STREATHAM_S5_P3123_R3,1/01/2023,FALLOW,,,
STREATHAM_S1.2_P1212_R3,1/01/2023,FALLOW,,,
STREATHAM_S2.2_P4123_R3,1/01/2023,FALLOW,,,
STREATHAM_S2.3_P3412_R3,1/01/2023,FALLOW,,,
STREATHAM_S11_P0000_R3,1/01/2023,FALLOW,,,
STREATHAM_S1.1_P1212_R3,1/01/2023,FALLOW,,,
STREATHAM_S6.1_P2312_R3,1/01/2023,FALLOW,,,
STREATHAM_S7_P3412_R3,1/01/2023,FALLOW,,,
STREATHAM_S6.2_P2312_R3,1/01/2023,FALLOW,,,
STREATHAM_S10_P1212_R3,1/01/2023,FALLOW,,,
STREATHAM_S11_P0000_R3,1/01/2023,FALLOW,,,
STREATHAM_S2.4_P4123_R3,1/01/2023,FALLOW,,,
STREATHAM_S1.3_P1212_R3,1/01/2023,FALLOW,,,
STREATHAM_S3_P1234_R3,1/01/2023,FALLOW,,,
STREATHAM_S1.2_P2121_R3,1/01/2023,FALLOW,,,
STREATHAM_S2.4_P3412_R3,1/01/2023,FALLOW,,,
STREATHAM_S5_P2312_R3,1/01/2023,FALLOW,,,
STREATHAM_S13_P0000_R3,1/01/2023,FALLOW,,,
STREATHAM_S2.3_P4123_R3,1/01/2023,FALLOW,,,
STREATHAM_S5_P1231_R3,1/01/2023,FALLOW,,,
STREATHAM_S10_P2121_R3,1/01/2023,FALLOW,,,
STREATHAM_S8_P1231_R3,1/01/2023,FALLOW,,,
STREATHAM_S9.2_P1212_R3,1/01/2023,FALLOW,,,
STREATHAM_S9.1_P1212_R3,1/01/2023,FALLOW,,,
STREATHAM_S13_P0000_R3,1/01/2023,FALLOW,,,
STREATHAM_S3_P4123_R3,1/01/2023,FALLOW,,,
STREATHAM_S2.3_P1234_R3,1/01/2023,FALLOW,,,
STREATHAM_S7_P2341_R3,1/01/2023,FALLOW,,,
STREATHAM_S1.4_P1212_R3,1/01/2023,FALLOW,,,
STREATHAM_S12_P0000_R3,1/01/2023,FALLOW,,,
STREATHAM_S2.1_P1234_R3,1/01/2023,FALLOW,,,
STREATHAM_S4_P1231_R3,1/01/2023,FALLOW,,,
STREATHAM_S3_P2341_R3,1/01/2023,FALLOW,,,
STREATHAM_S1.1_P2121_R3,1/01/2023,FALLOW,,,
STREATHAM_S6.2_P1231_R3,1/01/2023,FALLOW,,,
STREATHAM_S8_P2312_R3,1/01/2023,FALLOW,,,
STREATHAM_S6.1_P3123_R3,1/01/2023,FALLOW,,,
STREATHAM_S2.2_P1234_R3,1/01/2023,FALLOW,,,
STREATHAM_S9.3_P2121_R3,1/01/2023,FALLOW,,,
STREATHAM_S11_P0000_R3,1/01/2023,FALLOW,,,
STREATHAM_S4_P2312_R3,1/01/2023,FALLOW,,,
STREATHAM_S2.1_P3412_R3,1/01/2023,FALLOW,,,
WARRAMBINE_S7_P0000_R1,1/01/2023,FALLOW,,,
WARRAMBINE_S6_P0000_R1,1/01/2023,FALLOW,,,
WARRAMBINE_S3_P3123_R1,1/01/2023,FALLOW,,,
WARRAMBINE_S5_P1231_R1,1/01/2023,FALLOW,,,
WARRAMBINE_S2_P1231_R1,1/01/2023,FALLOW,,,
WARRAMBINE_S4_P3123_R1,1/01/2023,FALLOW,,,
WARRAMBINE_S2_P2312_R1,1/01/2023,FALLOW,,,
WARRAMBINE_S1_P2121_R1,1/01/2023,FALLOW,,,
WARRAMBINE_S4_P1231_R1,1/01/2023,FALLOW,,,
WARRAMBINE_S3_P1231_R1,1/01/2023,FALLOW,,,
WARRAMBINE_S1_P1212_R1,1/01/2023,FALLOW,,,
WARRAMBINE_S5_P2312_R1,1/01/2023,FALLOW,,,
WARRAMBINE_S3_P2312_R1,1/01/2023,FALLOW,,,
WARRAMBINE_S2_P3123_R1,1/01/2023,FALLOW,,,
WARRAMBINE_S4_P2312_R1,1/01/2023,FALLOW,,,
WARRAMBINE_S5_P3123_R1,1/01/2023,FALLOW,,,
WARRAMBINE_S3_P1231_R2,1/01/2023,FALLOW,,,
WARRAMBINE_S2_P3123_R2,1/01/2023,FALLOW,,,
WARRAMBINE_S1_P1212_R2,1/01/2023,FALLOW,,,
WARRAMBINE_S4_P1231_R2,1/01/2023,FALLOW,,,
WARRAMBINE_S1_P2121_R2,1/01/2023,FALLOW,,,
WARRAMBINE_S3_P2312_R2,1/01/2023,FALLOW,,,
WARRAMBINE_S6_P0000_R2,1/01/2023,FALLOW,,,
WARRAMBINE_S5_P2312_R2,1/01/2023,FALLOW,,,
WARRAMBINE_S5_P1231_R2,1/01/2023,FALLOW,,,
WARRAMBINE_S7_P0000_R2,1/01/2023,FALLOW,,,
WARRAMBINE_S2_P1231_R2,1/01/2023,FALLOW,,,
WARRAMBINE_S2_P2312_R2,1/01/2023,FALLOW,,,
WARRAMBINE_S4_P2312_R2,1/01/2023,FALLOW,,,
WARRAMBINE_S5_P3123_R2,1/01/2023,FALLOW,,,
WARRAMBINE_S4_P3123_R2,1/01/2023,FALLOW,,,
WARRAMBINE_S3_P3123_R2,1/01/2023,FALLOW,,,
WARRAMBINE_S2_P1231_R3,1/01/2023,FALLOW,,,
WARRAMBINE_S3_P1231_R3,1/01/2023,FALLOW,,,
WARRAMBINE_S1_P2121_R3,1/01/2023,FALLOW,,,
WARRAMBINE_S1_P1212_R3,1/01/2023,FALLOW,,,
WARRAMBINE_S5_P3123_R3,1/01/2023,FALLOW,,,
WARRAMBINE_S3_P3123_R3,1/01/2023,FALLOW,,,
WARRAMBINE_S6_P0000_R3,1/01/2023,FALLOW,,,
WARRAMBINE_S7_P0000_R3,1/01/2023,FALLOW,,,
WARRAMBINE_S3_P2312_R3,1/01/2023,FALLOW,,,
WARRAMBINE_S2_P2312_R3,1/01/2023,FALLOW,,,
WARRAMBINE_S4_P3123_R3,1/01/2023,FALLOW,,,
WARRAMBINE_S4_P2312_R3,1/01/2023,FALLOW,,,
WARRAMBINE_S5_P1231_R3,1/01/2023,FALLOW,,,
WARRAMBINE_S4_P1231_R3,1/01/2023,FALLOW,,,
WARRAMBINE_S2_P3123_R3,1/01/2023,FALLOW,,,
WARRAMBINE_S5_P2312_R3,1/01/2023,FALLOW,,,
APPILA_S3_P1234_R1,2024-03-03,CROP,WHEAT,BARLEY,
